,Squad,# Pl,Age,Poss,MP,Starts,Min,90s,Gls,Ast,G-PK,PK,PKatt,CrdY,CrdR,Gls,Ast,G+A,G-PK,G+A-PK,xG,npxG,xAG,npxG+xAG,xG,xAG,xG+xAG,npxG,npxG+xAG
0,Almería,26,26.5,45.1,14,154,"1,260",14.0,16,12,16,0,0,47,3,1.14,0.86,2.00,1.14,2.00,13.7,13.7,9.7,23.4,0.98,0.69,1.67,0.98,1.67
1,Athletic Club,25,27.9,52.4,14,154,"1,260",14.0,23,17,21,2,3,23,1,1.64,1.21,2.86,1.50,2.71,21.6,19.2,15.4,34.7,1.54,1.10,2.64,1.37,2.48
2,Atlético Madrid,23,29.0,49.8,14,154,"1,260",14.0,20,16,20,0,0,43,2,1.43,1.14,2.57,1.43,2.57,18.2,18.2,14.2,32.4,1.30,1.01,2.32,1.30,2.32
3,Barcelona,25,26.5,64.3,14,154,"1,260",14.0,33,23,33,0,1,33,3,2.36,1.64,4.00,2.36,4.00,32.6,31.8,22.9,54.8,2.33,1.64,3.96,2.27,3.91
4,Betis,27,28.8,50.1,14,154,"1,260",14.0,16,9,13,3,3,33,7,1.14,0.64,1.79,0.93,1.57,18.5,16.1,11.9,28.0,1.32,0.85,2.17,1.15,2.00
5,Cádiz,27,29.3,40.6,14,154,"1,260",14.0,8,6,8,0,0,40,5,0.57,0.43,1.00,0.57,1.00,10.0,10.0,5.9,15.9,0.71,0.42,1.14,0.71,1.14
6,Celta Vigo,21,27.7,51.5,14,154,"1,260",14.0,14,12,13,1,2,31,3,1.00,0.86,1.86,0.93,1.79,13.7,12.2,9.9,22.1,0.98,0.71,1.69,0.87,1.58
7,Elche,26,28.8,43.4,14,154,"1,260",14.0,10,9,9,1,2,43,3,0.71,0.64,1.36,0.64,1.29,10.3,8.7,6.9,15.6,0.73,0.49,1.22,0.62,1.11
8,Espanyol,25,28.1,42.5,14,154,"1,260",14.0,16,9,14,2,2,28,4,1.14,0.64,1.79,1.00,1.64,15.8,14.2,11.7,25.9,1.13,0.83,1.96,1.02,1.85
9,Getafe,24,27.7,39.0,14,154,"1,260",14.0,12,7,12,0,2,46,6,0.86,0.50,1.36,0.86,1.36,9.8,8.3,6.9,15.2,0.70,0.49,1.19,0.59,1.08
10,Girona,25,26.5,52.7,14,154,"1,260",14.0,19,14,15,4,5,32,0,1.36,1.00,2.36,1.07,2.07,18.5,14.6,12.5,27.1,1.32,0.90,2.21,1.04,1.94
11,Mallorca,23,28.1,41.2,14,154,"1,260",14.0,13,9,11,2,3,59,2,0.93,0.64,1.57,0.79,1.43,13.2,10.7,9.5,20.2,0.94,0.68,1.62,0.76,1.44
12,Osasuna,22,28.3,46.1,14,154,"1,260",14.0,16,11,12,4,5,46,4,1.14,0.79,1.93,0.86,1.64,18.2,14.3,10.6,24.9,1.30,0.76,2.06,1.02,1.78
13,Rayo Vallecano,24,28.5,53.9,14,154,"1,260",14.0,19,13,16,3,4,39,2,1.36,0.93,2.29,1.14,2.07,16.7,13.6,11.1,24.7,1.19,0.79,1.99,0.97,1.77
14,Real Madrid,22,27.8,58.0,14,154,"1,260",14.0,33,24,30,3,5,24,1,2.36,1.71,4.07,2.14,3.86,30.8,26.9,23.4,50.3,2.20,1.67,3.87,1.92,3.59
15,Real Sociedad,27,26.1,56.0,14,154,"1,260",14.0,18,15,18,0,1,41,1,1.29,1.07,2.36,1.29,2.36,17.9,17.2,13.4,30.6,1.28,0.96,2.24,1.23,2.18
16,Sevilla,28,29.4,54.4,14,154,"1,260",14.0,13,10,13,0,0,57,6,0.93,0.71,1.64,0.93,1.64,14.1,14.1,10.4,24.5,1.01,0.74,1.75,1.01,1.75
17,Valencia,26,24.4,58.0,14,154,"1,260",14.0,22,12,18,4,6,41,4,1.57,0.86,2.43,1.29,2.14,20.2,15.5,12.2,27.6,1.44,0.87,2.31,1.11,1.97
18,Valladolid,28,28.5,48.2,14,154,"1,260",14.0,13,9,12,1,2,29,1,0.93,0.64,1.57,0.86,1.50,13.5,11.9,9.6,21.5,0.96,0.69,1.65,0.85,1.54
19,Villarreal,24,29.0,52.8,14,154,"1,260",14.0,14,7,13,1,1,32,2,1.00,0.50,1.50,0.93,1.43,17.2,16.4,12.6,29.0,1.23,0.90,2.13,1.17,2.07
20,Alavés,33,27.9,42.0,38,418,"3,420",38.0,29,20,23,6,7,93,4,0.76,0.53,1.29,0.61,1.13,41.1,35.6,27.8,63.4,1.08,0.73,1.81,0.94,1.67
21,Athletic Club,26,26.9,48.1,38,418,"3,420",38.0,40,34,37,3,7,90,4,1.05,0.89,1.95,0.97,1.87,54.4,48.8,41.3,90.1,1.43,1.09,2.52,1.28,2.37
22,Atlético Madrid,26,28.1,50.6,38,418,"3,420",38.0,63,45,59,4,5,111,7,1.66,1.18,2.84,1.55,2.74,58.6,55.3,42.8,98.1,1.54,1.13,2.67,1.45,2.58
23,Barcelona,38,26.2,64.2,38,418,"3,420",38.0,68,52,62,6,7,97,5,1.79,1.37,3.16,1.63,3.00,67.7,62.2,50.4,112.5,1.78,1.33,3.11,1.64,2.96
24,Betis,31,28.9,53.7,38,418,"3,420",38.0,60,45,54,6,6,87,6,1.58,1.18,2.76,1.42,2.61,59.0,54.3,42.3,96.5,1.55,1.11,2.66,1.43,2.54
25,Cádiz,33,28.5,41.3,38,418,"3,420",38.0,35,21,32,3,6,105,3,0.92,0.55,1.47,0.84,1.39,45.1,40.3,28.6,68.9,1.19,0.75,1.94,1.06,1.81
26,Celta Vigo,25,28.4,55.2,38,418,"3,420",38.0,43,29,40,3,6,87,3,1.13,0.76,1.89,1.05,1.82,46.7,41.9,31.9,73.8,1.23,0.84,2.07,1.10,1.94
27,Elche,28,29.1,48.4,38,418,"3,420",38.0,39,29,38,1,1,104,6,1.03,0.76,1.79,1.00,1.76,36.3,35.5,28.9,64.4,0.95,0.76,1.71,0.93,1.69
28,Espanyol,34,27.6,46.9,38,418,"3,420",38.0,39,25,34,5,5,99,7,1.03,0.66,1.68,0.89,1.55,40.4,36.5,28.4,64.9,1.06,0.75,1.81,0.96,1.71
29,Getafe,31,26.6,41.5,38,418,"3,420",38.0,31,26,28,3,5,121,8,0.82,0.68,1.50,0.74,1.42,33.4,29.5,22.9,52.4,0.88,0.60,1.48,0.78,1.38
30,Granada,32,28.1,44.7,38,418,"3,420",38.0,43,28,40,3,5,105,4,1.13,0.74,1.87,1.05,1.79,45.0,41.2,30.9,72.1,1.18,0.81,2.00,1.08,1.90
31,Levante,31,28.0,47.2,38,418,"3,420",38.0,51,34,43,8,13,109,6,1.34,0.89,2.24,1.13,2.03,61.2,52.0,36.6,88.5,1.61,0.96,2.57,1.37,2.33
32,Mallorca,33,27.9,45.3,38,418,"3,420",38.0,33,23,27,6,7,114,7,0.87,0.61,1.47,0.71,1.32,44.0,38.6,29.7,68.3,1.16,0.78,1.94,1.02,1.80
33,Osasuna,29,27.7,46.9,38,418,"3,420",38.0,37,23,31,6,8,84,2,0.97,0.61,1.58,0.82,1.42,40.3,34.9,25.6,60.5,1.06,0.67,1.73,0.92,1.59
34,Rayo Vallecano,28,27.5,49.9,38,418,"3,420",38.0,38,28,34,4,4,101,3,1.00,0.74,1.74,0.89,1.63,50.2,47.0,36.6,83.7,1.32,0.96,2.29,1.24,2.20
35,Real Madrid,31,27.7,59.9,38,418,"3,420",38.0,80,59,72,8,12,76,0,2.11,1.55,3.66,1.89,3.45,78.9,70.5,57.3,127.7,2.08,1.51,3.58,1.85,3.36
36,Real Sociedad,32,25.7,54.3,38,418,"3,420",38.0,40,22,31,9,10,77,4,1.05,0.58,1.63,0.82,1.39,57.9,50.1,37.9,88.1,1.52,1.00,2.52,1.32,2.32
37,Sevilla,33,28.6,59.4,38,418,"3,420",38.0,51,40,49,2,3,97,4,1.34,1.05,2.39,1.29,2.34,48.4,46.0,37.7,83.8,1.27,0.99,2.27,1.21,2.20
38,Valencia,34,24.8,43.6,38,418,"3,420",38.0,45,30,37,8,9,134,8,1.18,0.79,1.97,0.97,1.76,43.6,37.3,29.6,66.9,1.15,0.78,1.93,0.98,1.76
39,Villarreal,29,28.0,56.8,38,418,"3,420",38.0,62,51,57,5,6,81,1,1.63,1.34,2.97,1.50,2.84,67.5,63.8,54.3,118.0,1.78,1.43,3.20,1.68,3.11
40,Alavés,30,28.7,42.8,38,418,"3,420",38.0,35,21,30,5,8,96,8,0.92,0.55,1.47,0.79,1.34,42.6,36.4,27.4,63.7,1.12,0.72,1.84,0.96,1.68
41,Athletic Club,27,26.6,49.9,38,418,"3,420",38.0,43,31,39,4,5,82,3,1.13,0.82,1.95,1.03,1.84,43.1,39.2,31.3,70.5,1.13,0.82,1.96,1.03,1.86
42,Atlético Madrid,25,27.3,52.3,38,418,"3,420",38.0,65,54,60,5,7,100,0,1.71,1.42,3.13,1.58,3.00,52.8,47.2,40.6,87.8,1.39,1.07,2.46,1.24,2.31
43,Barcelona,25,26.4,65.5,38,418,"3,420",38.0,80,51,76,4,8,72,2,2.11,1.34,3.45,2.00,3.34,73.5,67.1,53.2,120.2,1.94,1.40,3.33,1.77,3.16
44,Betis,25,27.9,53.6,38,418,"3,420",38.0,50,35,42,8,11,93,8,1.32,0.92,2.24,1.11,2.03,49.1,40.5,33.4,73.9,1.29,0.88,2.17,1.07,1.94
45,Cádiz,34,28.8,34.8,38,418,"3,420",38.0,33,16,29,4,4,81,3,0.87,0.42,1.29,0.76,1.18,34.7,31.6,20.4,52.0,0.91,0.54,1.45,0.83,1.37
46,Celta Vigo,30,26.6,53.3,38,418,"3,420",38.0,55,39,48,7,7,109,5,1.45,1.03,2.47,1.26,2.29,50.4,44.9,36.7,81.6,1.33,0.97,2.29,1.18,2.15
47,Eibar,30,28.2,49.3,38,418,"3,420",38.0,29,20,25,4,9,71,3,0.76,0.53,1.29,0.66,1.18,45.2,38.3,29.9,68.2,1.19,0.79,1.98,1.01,1.79
48,Elche,30,28.1,47.5,38,418,"3,420",38.0,33,25,31,2,3,99,3,0.87,0.66,1.53,0.82,1.47,29.9,27.5,21.8,49.4,0.79,0.57,1.36,0.72,1.30
49,Getafe,31,26.7,43.3,38,418,"3,420",38.0,27,14,24,3,5,120,7,0.71,0.37,1.08,0.63,1.00,34.4,30.5,23.6,54.1,0.91,0.62,1.53,0.80,1.42
50,Granada,34,27.4,41.4,38,418,"3,420",38.0,47,30,44,3,5,97,6,1.24,0.79,2.03,1.16,1.95,41.1,37.3,26.8,64.0,1.08,0.70,1.79,0.98,1.68
51,Huesca,27,28.0,48.3,38,418,"3,420",38.0,32,23,29,3,4,69,2,0.84,0.61,1.45,0.76,1.37,38.9,36.1,26.7,62.8,1.02,0.70,1.73,0.95,1.65
52,Levante,29,28.0,52.2,38,418,"3,420",38.0,45,35,42,3,6,68,1,1.18,0.92,2.11,1.11,2.03,40.4,35.7,29.6,65.3,1.06,0.78,1.84,0.94,1.72
53,Osasuna,28,27.9,43.2,38,418,"3,420",38.0,36,25,31,5,6,80,5,0.95,0.66,1.61,0.82,1.47,38.7,34.7,24.9,59.7,1.02,0.66,1.68,0.91,1.57
54,Real Madrid,30,27.9,59.3,38,418,"3,420",38.0,64,53,61,3,3,59,2,1.68,1.39,3.08,1.61,3.00,61.5,59.2,47.4,106.5,1.62,1.25,2.87,1.56,2.80
55,Real Sociedad,30,25.0,54.9,38,418,"3,420",38.0,58,39,49,9,12,81,1,1.53,1.03,2.55,1.29,2.32,60.7,51.5,39.6,91.1,1.60,1.04,2.64,1.36,2.40
56,Sevilla,26,28.1,60.9,38,418,"3,420",38.0,52,36,46,6,7,79,2,1.37,0.95,2.32,1.21,2.16,54.4,48.9,41.0,90.0,1.43,1.08,2.51,1.29,2.37
57,Valencia,30,25.2,46.9,38,418,"3,420",38.0,48,35,40,8,10,82,5,1.26,0.92,2.18,1.05,1.97,42.6,34.8,27.3,62.1,1.12,0.72,1.84,0.92,1.63
58,Valladolid,32,28.1,45.2,38,418,"3,420",38.0,34,21,27,7,8,93,4,0.89,0.55,1.45,0.71,1.26,40.1,33.8,24.2,58.0,1.05,0.64,1.69,0.89,1.53
59,Villarreal,29,28.0,55.2,38,418,"3,420",38.0,57,33,45,12,13,67,5,1.50,0.87,2.37,1.18,2.05,56.4,46.4,40.5,86.9,1.48,1.06,2.55,1.22,2.29
60,Alavés,32,27.6,41.5,38,418,"3,420",38.0,34,20,28,6,6,111,7,0.89,0.53,1.42,0.74,1.26,39.3,34.7,26.9,61.6,1.03,0.71,1.74,0.91,1.62
61,Athletic Club,26,26.7,48.7,38,418,"3,420",38.0,40,23,32,8,10,90,2,1.05,0.61,1.66,0.84,1.45,41.5,33.8,26.2,60.0,1.09,0.69,1.78,0.89,1.58
62,Atlético Madrid,30,26.1,48.6,38,418,"3,420",38.0,50,35,44,6,8,93,3,1.32,0.92,2.24,1.16,2.08,56.8,50.6,39.4,90.0,1.50,1.04,2.53,1.33,2.37
63,Barcelona,28,27.8,66.4,38,418,"3,420",38.0,84,62,78,6,6,92,6,2.21,1.63,3.84,2.05,3.68,66.3,61.7,49.5,111.2,1.75,1.30,3.05,1.62,2.93
64,Betis,27,27.5,56.7,38,418,"3,420",38.0,48,35,42,6,8,108,9,1.26,0.92,2.18,1.11,2.03,51.0,45.2,36.9,82.0,1.34,0.97,2.31,1.19,2.16
65,Celta Vigo,30,25.8,51.7,38,418,"3,420",38.0,37,26,31,6,9,104,6,0.97,0.68,1.66,0.82,1.50,39.2,32.4,26.2,58.7,1.03,0.69,1.72,0.85,1.54
66,Eibar,26,29.3,46.3,38,418,"3,420",38.0,38,24,31,7,10,92,3,1.00,0.63,1.63,0.82,1.45,42.0,34.2,26.0,60.2,1.10,0.68,1.79,0.90,1.58
67,Espanyol,31,27.7,47.4,38,418,"3,420",38.0,25,17,21,4,4,107,9,0.66,0.45,1.11,0.55,1.00,38.6,35.6,27.3,62.9,1.02,0.72,1.74,0.94,1.66
68,Getafe,30,27.5,45.0,38,418,"3,420",38.0,42,31,36,6,7,135,5,1.11,0.82,1.92,0.95,1.76,41.6,36.1,27.9,64.0,1.09,0.73,1.83,0.95,1.69
69,Granada,27,26.8,43.8,38,418,"3,420",38.0,50,34,45,5,5,109,1,1.32,0.89,2.21,1.18,2.08,44.9,40.9,30.5,71.4,1.18,0.80,1.98,1.08,1.88
70,Leganés,29,26.9,43.9,38,418,"3,420",38.0,30,19,27,3,5,127,4,0.79,0.50,1.29,0.71,1.21,39.9,35.9,27.7,63.7,1.05,0.73,1.78,0.95,1.68
71,Levante,29,27.7,48.3,38,418,"3,420",38.0,45,28,40,5,5,79,5,1.18,0.74,1.92,1.05,1.79,48.1,44.2,36.3,80.5,1.27,0.95,2.22,1.16,2.12
72,Mallorca,32,26.8,45.0,38,418,"3,420",38.0,39,21,31,8,10,93,5,1.03,0.55,1.58,0.82,1.37,41.1,33.3,25.4,58.7,1.08,0.67,1.75,0.88,1.55
73,Osasuna,31,27.7,47.4,38,418,"3,420",38.0,46,26,38,8,8,110,6,1.21,0.68,1.89,1.00,1.68,49.4,43.2,34.4,77.6,1.30,0.91,2.21,1.14,2.04
74,Real Madrid,26,27.6,58.8,38,418,"3,420",38.0,69,52,58,11,11,82,4,1.82,1.37,3.18,1.53,2.89,67.9,59.2,49.9,109.1,1.79,1.31,3.10,1.56,2.87
75,Real Sociedad,27,24.8,56.2,38,418,"3,420",38.0,54,38,50,4,5,79,2,1.42,1.00,2.42,1.32,2.32,48.9,45.1,35.4,80.5,1.29,0.93,2.22,1.19,2.12
76,Sevilla,26,27.7,57.9,38,418,"3,420",38.0,53,35,46,7,7,97,1,1.39,0.92,2.32,1.21,2.13,53.2,47.9,38.4,86.3,1.40,1.01,2.41,1.26,2.27
77,Valencia,28,27.0,49.0,38,418,"3,420",38.0,45,34,40,5,8,80,8,1.18,0.89,2.08,1.05,1.95,43.3,37.2,31.7,68.9,1.14,0.83,1.97,0.98,1.81
78,Valladolid,30,27.1,44.7,38,418,"3,420",38.0,31,19,28,3,6,84,0,0.82,0.50,1.32,0.74,1.24,36.5,32.1,24.0,56.1,0.96,0.63,1.59,0.84,1.48
79,Villarreal,25,27.6,52.9,38,418,"3,420",38.0,62,40,52,10,11,78,1,1.63,1.05,2.68,1.37,2.42,63.6,55.2,43.1,98.3,1.67,1.13,2.81,1.45,2.59
80,Alavés,26,26.7,42.7,38,418,"3,420",38.0,39,27,37,2,3,101,1,1.03,0.71,1.74,0.97,1.68,41.1,38.8,29.0,67.8,1.08,0.76,1.85,1.02,1.79
81,Athletic Club,27,27.6,50.0,38,418,"3,420",38.0,39,26,34,5,7,118,4,1.03,0.68,1.71,0.89,1.58,43.4,37.8,30.7,68.5,1.14,0.81,1.95,0.99,1.80
82,Atlético Madrid,29,26.4,49.2,38,418,"3,420",38.0,53,36,50,3,4,100,5,1.39,0.95,2.34,1.32,2.26,47.3,44.1,35.3,79.5,1.24,0.93,2.17,1.16,2.09
83,Barcelona,30,27.7,64.4,38,418,"3,420",38.0,88,61,80,8,9,76,2,2.32,1.61,3.92,2.11,3.71,75.8,68.7,55.8,124.6,1.99,1.47,3.46,1.81,3.28
84,Betis,25,26.7,61.8,38,418,"3,420",38.0,43,30,38,5,7,89,1,1.13,0.79,1.92,1.00,1.79,47.1,41.5,32.9,74.4,1.24,0.87,2.10,1.09,1.96
85,Celta Vigo,28,25.5,51.6,38,418,"3,420",38.0,52,37,45,7,7,79,6,1.37,0.97,2.34,1.18,2.16,46.5,41.2,33.6,74.8,1.22,0.88,2.11,1.08,1.97
86,Eibar,25,28.5,54.0,38,418,"3,420",38.0,46,26,39,7,8,81,2,1.21,0.68,1.89,1.03,1.71,54.8,48.6,36.7,85.3,1.44,0.96,2.41,1.28,2.24
87,Espanyol,25,27.7,49.4,38,418,"3,420",38.0,43,26,39,4,4,90,2,1.13,0.68,1.82,1.03,1.71,48.9,45.8,33.8,79.6,1.29,0.89,2.18,1.21,2.10
88,Getafe,26,27.5,40.7,38,418,"3,420",38.0,47,34,41,6,6,107,7,1.24,0.89,2.13,1.08,1.97,46.2,41.6,32.9,74.4,1.22,0.87,2.08,1.09,1.96
89,Girona,26,26.6,48.0,38,418,"3,420",38.0,37,23,31,6,6,81,4,0.97,0.61,1.58,0.82,1.42,43.5,39.3,29.3,68.6,1.14,0.77,1.91,1.04,1.81
90,Huesca,30,26.7,44.5,38,418,"3,420",38.0,43,28,37,6,7,113,3,1.13,0.74,1.87,0.97,1.71,50.8,45.4,34.6,80.0,1.34,0.91,2.25,1.19,2.10
91,Leganés,29,26.6,43.1,38,418,"3,420",38.0,36,25,33,3,5,104,4,0.95,0.66,1.61,0.87,1.53,40.6,36.8,28.1,64.9,1.07,0.74,1.81,0.97,1.71
92,Levante,26,26.3,45.7,38,418,"3,420",38.0,56,39,51,5,7,107,7,1.47,1.03,2.50,1.34,2.37,53.9,48.4,38.5,86.9,1.42,1.01,2.43,1.27,2.29
93,Rayo Vallecano,29,26.6,48.7,38,418,"3,420",38.0,40,24,35,5,5,101,8,1.05,0.63,1.68,0.92,1.55,48.7,44.8,33.0,77.7,1.28,0.87,2.15,1.18,2.05
94,Real Madrid,27,27.1,60.1,38,418,"3,420",38.0,61,39,52,9,9,79,6,1.61,1.03,2.63,1.37,2.39,66.7,60.2,49.9,110.1,1.76,1.31,3.07,1.58,2.90
95,Real Sociedad,30,24.9,51.7,38,418,"3,420",38.0,44,27,36,8,10,80,4,1.16,0.71,1.87,0.95,1.66,49.7,42.2,33.0,75.2,1.31,0.87,2.18,1.11,1.98
96,Sevilla,27,27.9,52.3,38,418,"3,420",38.0,60,47,55,5,6,114,6,1.58,1.24,2.82,1.45,2.68,66.6,61.8,49.3,111.1,1.75,1.30,3.05,1.63,2.92
97,Valencia,25,26.4,47.1,38,418,"3,420",38.0,50,38,45,5,7,88,3,1.32,1.00,2.32,1.18,2.18,60.7,55.2,46.7,101.9,1.60,1.23,2.83,1.45,2.68
98,Valladolid,28,27.4,46.8,38,418,"3,420",38.0,31,19,27,4,7,92,0,0.82,0.50,1.32,0.71,1.21,41.1,35.6,26.7,62.3,1.08,0.70,1.78,0.94,1.64
99,Villarreal,26,27.1,48.3,38,418,"3,420",38.0,47,34,44,3,6,115,3,1.24,0.89,2.13,1.16,2.05,53.9,50.0,39.0,89.0,1.42,1.03,2.45,1.31,2.34
100,Alavés,30,25.5,40.3,38,418,"3,420",38.0,40,31,39,1,3,105,4,1.05,0.82,1.87,1.03,1.84,38.5,36.1,27.7,63.8,1.01,0.73,1.74,0.95,1.68
101,Athletic Club,26,26.7,49.6,38,418,"3,420",38.0,39,25,33,6,8,93,0,1.03,0.66,1.68,0.87,1.53,49.7,43.8,33.7,77.5,1.31,0.89,2.19,1.15,2.04
102,Atlético Madrid,26,26.6,47.5,38,418,"3,420",38.0,57,41,53,4,5,93,5,1.50,1.08,2.58,1.39,2.47,50.2,46.3,36.6,82.9,1.32,0.96,2.28,1.22,2.18
103,Barcelona,25,27.7,62.8,38,418,"3,420",38.0,96,74,93,3,5,67,2,2.53,1.95,4.47,2.45,4.39,83.5,80.1,64.6,144.7,2.20,1.70,3.90,2.11,3.81
104,Betis,29,27.1,56.9,38,418,"3,420",38.0,56,43,54,2,3,90,3,1.47,1.13,2.61,1.42,2.55,46.0,43.7,35.2,78.9,1.21,0.93,2.14,1.15,2.08
105,Celta Vigo,23,25.7,55.7,38,418,"3,420",38.0,57,45,55,2,3,85,1,1.50,1.18,2.68,1.45,2.63,55.0,52.6,43.0,95.6,1.45,1.13,2.58,1.39,2.52
106,Eibar,27,27.4,52.0,38,418,"3,420",38.0,43,31,41,2,3,84,3,1.13,0.82,1.95,1.08,1.89,40.9,38.6,30.2,68.8,1.08,0.79,1.87,1.02,1.81
107,Espanyol,25,26.8,46.9,38,418,"3,420",38.0,33,24,31,2,3,87,1,0.87,0.63,1.50,0.82,1.45,41.1,38.6,27.8,66.4,1.08,0.73,1.81,1.02,1.75
108,Getafe,32,28.2,40.2,38,418,"3,420",38.0,41,27,36,5,12,130,5,1.08,0.71,1.79,0.95,1.66,48.2,38.6,29.6,68.2,1.27,0.78,2.05,1.02,1.79
109,Girona,25,26.3,46.8,38,418,"3,420",38.0,50,31,44,6,8,102,0,1.32,0.82,2.13,1.16,1.97,50.6,44.4,34.4,78.8,1.33,0.90,2.24,1.17,2.07
110,La Coruña,32,28.2,46.8,38,418,"3,420",38.0,38,30,35,3,5,99,2,1.00,0.79,1.79,0.92,1.71,51.6,47.7,40.0,87.7,1.36,1.05,2.41,1.25,2.31
111,Las Palmas,36,27.0,54.7,38,418,"3,420",38.0,24,15,18,6,8,88,3,0.63,0.39,1.03,0.47,0.87,38.5,32.3,24.8,57.1,1.01,0.65,1.66,0.85,1.50
112,Leganés,28,27.8,43.0,38,418,"3,420",38.0,32,23,30,2,3,102,5,0.84,0.61,1.45,0.79,1.39,39.9,37.6,30.0,67.6,1.05,0.79,1.84,0.99,1.78
113,Levante,33,25.7,42.8,38,418,"3,420",38.0,43,28,38,5,5,108,6,1.13,0.74,1.87,1.00,1.74,44.7,40.8,31.8,72.7,1.18,0.84,2.02,1.07,1.91
114,Málaga,37,27.2,44.1,38,418,"3,420",38.0,23,15,19,4,6,99,8,0.61,0.39,1.00,0.50,0.89,38.4,33.7,26.3,60.0,1.01,0.69,1.70,0.89,1.58
115,Real Madrid,24,27.1,60.2,38,418,"3,420",38.0,91,65,83,8,10,65,4,2.39,1.71,4.11,2.18,3.89,85.4,77.5,62.8,140.2,2.25,1.65,3.90,2.04,3.69
116,Real Sociedad,27,25.9,56.5,38,418,"3,420",38.0,64,47,60,4,5,60,5,1.68,1.24,2.92,1.58,2.82,53.7,49.7,38.9,88.7,1.41,1.02,2.44,1.31,2.33
117,Sevilla,31,27.1,54.3,38,418,"3,420",38.0,48,35,44,4,5,97,3,1.26,0.92,2.18,1.16,2.08,59.5,55.7,42.8,98.5,1.57,1.13,2.69,1.47,2.59
118,Valencia,25,24.8,48.6,38,418,"3,420",38.0,63,45,55,8,8,103,5,1.66,1.18,2.84,1.45,2.63,56.0,49.8,39.9,89.7,1.47,1.05,2.52,1.31,2.36
119,Villarreal,32,26.6,50.4,38,418,"3,420",38.0,56,45,52,4,5,113,6,1.47,1.18,2.66,1.37,2.55,53.2,49.3,42.0,91.3,1.40,1.11,2.51,1.30,2.40
120,Alavés,25,25.4,44.4,38,418,"3,420",38.0,41,27,37,4,4,117,5,1.08,0.71,1.79,0.97,1.68,,,,,,,,,
121,Athletic Club,25,26.8,51.1,38,418,"3,420",38.0,53,31,45,8,8,88,2,1.39,0.82,2.21,1.18,2.00,,,,,,,,,
122,Atlético Madrid,22,26.9,48.4,38,418,"3,420",38.0,70,54,68,2,7,82,3,1.84,1.42,3.26,1.79,3.21,,,,,,,,,
123,Barcelona,25,26.9,66.1,38,418,"3,420",38.0,113,71,105,8,9,74,1,2.97,1.87,4.84,2.76,4.63,,,,,,,,,
124,Betis,27,26.1,47.9,38,418,"3,420",38.0,41,27,39,2,2,103,5,1.08,0.71,1.79,1.03,1.74,,,,,,,,,
125,Celta Vigo,27,26.1,53.2,38,418,"3,420",38.0,52,33,45,7,7,105,8,1.37,0.87,2.24,1.18,2.05,,,,,,,,,
126,Eibar,24,26.9,47.8,38,418,"3,420",38.0,53,34,47,6,8,94,7,1.39,0.89,2.29,1.24,2.13,,,,,,,,,
127,Espanyol,27,27.2,44.0,38,418,"3,420",38.0,48,36,46,2,4,80,2,1.26,0.95,2.21,1.21,2.16,,,,,,,,,
128,Granada,35,24.7,45.1,38,418,"3,420",38.0,30,19,30,0,1,112,6,0.79,0.50,1.29,0.79,1.29,,,,,,,,,
129,La Coruña,28,27.7,47.0,38,418,"3,420",38.0,42,29,39,3,7,95,4,1.11,0.76,1.87,1.03,1.79,,,,,,,,,
130,Las Palmas,29,27.3,59.0,38,418,"3,420",38.0,52,34,46,6,6,102,6,1.37,0.89,2.26,1.21,2.11,,,,,,,,,
131,Leganés,31,26.3,44.7,38,418,"3,420",38.0,36,24,33,3,4,106,3,0.95,0.63,1.58,0.87,1.50,,,,,,,,,
132,Málaga,29,26.0,48.4,38,418,"3,420",38.0,48,33,45,3,5,111,7,1.26,0.87,2.13,1.18,2.05,,,,,,,,,
133,Osasuna,35,26.3,39.0,38,418,"3,420",38.0,37,24,33,4,6,99,3,0.97,0.63,1.61,0.87,1.50,,,,,,,,,
134,Real Madrid,24,27.0,56.2,38,419,"3,420",38.0,106,83,100,6,8,76,2,2.79,2.18,4.97,2.63,4.82,,,,,,,,,
135,Real Sociedad,27,26.0,56.7,38,418,"3,420",38.0,56,39,49,7,8,84,6,1.47,1.03,2.50,1.29,2.32,,,,,,,,,
136,Sevilla,28,26.8,59.2,38,418,"3,420",38.0,67,48,64,3,5,107,4,1.76,1.26,3.03,1.68,2.95,,,,,,,,,
137,Sporting Gijón,29,26.4,44.4,38,418,"3,420",38.0,42,26,38,4,7,114,4,1.11,0.68,1.79,1.00,1.68,,,,,,,,,
138,Valencia,31,25.9,48.8,38,418,"3,420",38.0,53,38,49,4,6,111,6,1.39,1.00,2.39,1.29,2.29,,,,,,,,,
139,Villarreal,27,26.7,49.3,38,418,"3,420",38.0,55,36,49,6,8,90,4,1.45,0.95,2.39,1.29,2.24,,,,,,,,,
140,Athletic Club,25,27.7,49.9,38,418,"3,420",38.0,57,42,54,3,5,86,6,1.50,1.11,2.61,1.42,2.53,,,,,,,,,
141,Atlético Madrid,25,25.9,48.5,38,418,"3,420",38.0,62,47,61,1,2,94,3,1.63,1.24,2.87,1.61,2.84,,,,,,,,,
142,Barcelona,25,28.0,67.1,38,418,"3,420",38.0,109,74,98,11,19,67,1,2.87,1.95,4.82,2.58,4.53,,,,,,,,,
143,Betis,29,27.4,46.7,38,418,"3,420",38.0,34,25,31,3,4,114,5,0.89,0.66,1.55,0.82,1.47,,,,,,,,,
144,Celta Vigo,27,26.1,56.4,38,418,"3,420",38.0,50,41,46,4,5,115,8,1.32,1.08,2.39,1.21,2.29,,,,,,,,,
145,Eibar,28,25.6,45.2,38,419,"3,420",38.0,47,31,41,6,8,108,4,1.24,0.82,2.05,1.08,1.89,,,,,,,,,
146,Espanyol,26,24.9,46.2,38,418,"3,420",38.0,38,29,37,1,3,132,5,1.00,0.76,1.76,0.97,1.74,,,,,,,,,
147,Getafe,27,26.7,46.1,38,418,"3,420",38.0,36,31,35,1,2,129,6,0.95,0.82,1.76,0.92,1.74,,,,,,,,,
148,Granada,28,25.9,44.6,38,418,"3,420",38.0,45,26,38,7,7,141,7,1.18,0.68,1.87,1.00,1.68,,,,,,,,,
149,La Coruña,25,28.2,47.1,38,418,"3,420",38.0,41,31,40,1,1,86,4,1.08,0.82,1.89,1.05,1.87,,,,,,,,,
150,Las Palmas,27,27.6,54.6,38,418,"3,420",38.0,42,31,38,4,5,100,4,1.11,0.82,1.92,1.00,1.82,,,,,,,,,
151,Levante,27,27.2,45.9,38,418,"3,420",38.0,36,23,34,2,2,134,7,0.95,0.61,1.55,0.89,1.50,,,,,,,,,
152,Málaga,30,28.0,48.8,38,418,"3,420",38.0,37,27,35,2,4,110,5,0.97,0.71,1.68,0.92,1.63,,,,,,,,,
153,Rayo Vallecano,29,28.5,55.6,38,418,"3,420",38.0,52,38,50,2,3,115,10,1.37,1.00,2.37,1.32,2.32,,,,,,,,,
154,Real Madrid,24,26.5,57.3,38,418,"3,420",38.0,108,86,102,6,9,75,5,2.84,2.26,5.11,2.68,4.95,,,,,,,,,
155,Real Sociedad,27,25.3,51.8,38,418,"3,420",38.0,44,31,43,1,1,109,5,1.16,0.82,1.97,1.13,1.95,,,,,,,,,
156,Sevilla,33,26.9,50.0,38,418,"3,420",38.0,50,35,44,6,7,106,8,1.32,0.92,2.24,1.16,2.08,,,,,,,,,
157,Sporting Gijón,28,24.5,43.1,38,418,"3,420",38.0,39,29,38,1,2,107,6,1.03,0.76,1.79,1.00,1.76,,,,,,,,,
158,Valencia,30,24.7,50.1,38,419,"3,420",38.0,42,27,38,4,5,110,7,1.11,0.71,1.82,1.00,1.71,,,,,,,,,
159,Villarreal,26,25.3,45.9,38,418,"3,420",38.0,42,32,39,3,3,103,4,1.11,0.84,1.95,1.03,1.87,,,,,,,,,
160,Almería,27,26.1,46.4,38,418,"3,420",38.0,33,22,28,5,6,0,0,0.87,0.58,1.45,0.74,1.32,,,,,,,,,
161,Athletic Club,26,26.8,53.2,38,418,"3,420",38.0,41,26,36,5,5,0,0,1.08,0.68,1.76,0.95,1.63,,,,,,,,,
162,Atlético Madrid,25,27.5,48.6,38,418,"3,420",38.0,65,48,60,5,6,0,0,1.71,1.26,2.97,1.58,2.84,,,,,,,,,
163,Barcelona,24,27.7,65.7,38,418,"3,420",38.0,107,79,101,6,7,0,0,2.82,2.08,4.89,2.66,4.74,,,,,,,,,
164,Celta Vigo,23,26.3,55.9,38,418,"3,420",38.0,47,33,43,4,6,0,0,1.24,0.87,2.11,1.13,2.00,,,,,,,,,
165,Córdoba,33,25.7,45.9,38,418,"3,420",38.0,21,12,19,2,3,0,0,0.55,0.32,0.87,0.50,0.82,,,,,,,,,
166,Eibar,23,27.6,43.8,38,418,"3,420",38.0,33,25,31,2,2,0,0,0.87,0.66,1.53,0.82,1.47,,,,,,,,,
167,Elche,24,26.3,47.9,38,418,"3,420",38.0,35,25,31,4,7,0,0,0.92,0.66,1.58,0.82,1.47,,,,,,,,,
168,Espanyol,27,26.9,46.0,38,418,"3,420",38.0,47,29,43,4,4,0,0,1.24,0.76,2.00,1.13,1.89,,,,,,,,,
169,Getafe,27,26.9,46.9,38,418,"3,420",38.0,32,25,31,1,2,0,0,0.84,0.66,1.50,0.82,1.47,,,,,,,,,
170,Granada,34,26.6,47.4,38,418,"3,420",38.0,29,17,23,6,6,0,0,0.76,0.45,1.21,0.61,1.05,,,,,,,,,
171,La Coruña,27,26.9,48.4,38,418,"3,420",38.0,33,17,29,4,7,0,0,0.87,0.45,1.32,0.76,1.21,,,,,,,,,
172,Levante,29,28.0,44.5,38,418,"3,420",38.0,34,22,31,3,4,0,0,0.89,0.58,1.47,0.82,1.39,,,,,,,,,
173,Málaga,23,26.6,49.5,38,418,"3,420",38.0,40,27,36,4,7,0,0,1.05,0.71,1.76,0.95,1.66,,,,,,,,,
174,Rayo Vallecano,28,27.2,54.8,38,418,"3,420",38.0,46,33,44,2,3,0,0,1.21,0.87,2.08,1.16,2.03,,,,,,,,,
175,Real Madrid,24,26.4,56.2,38,418,"3,420",38.0,116,91,105,11,13,0,0,3.05,2.39,5.45,2.76,5.16,,,,,,,,,
176,Real Sociedad,25,26.5,49.8,38,418,"3,420",38.0,41,35,38,3,3,0,0,1.08,0.92,2.00,1.00,1.92,,,,,,,,,
177,Sevilla,26,26.2,50.3,38,418,"3,420",38.0,68,45,60,8,10,0,0,1.79,1.18,2.97,1.58,2.76,,,,,,,,,
178,Valencia,24,24.8,50.0,38,418,"3,420",38.0,66,48,61,5,7,0,0,1.74,1.26,3.00,1.61,2.87,,,,,,,,,
179,Villarreal,28,25.0,48.6,38,418,"3,420",38.0,48,34,46,2,2,0,0,1.26,0.89,2.16,1.21,2.11,,,,,,,,,
180,Almería,28,27.5,,38,418,,,43,28,35,8,8,0,0,1.13,0.74,1.87,0.92,1.66,,,,,,,,,
181,Athletic Club,24,26.4,,38,418,,,65,46,61,4,7,0,0,1.71,1.21,2.92,1.61,2.82,,,,,,,,,
182,Atlético Madrid,25,26.9,,38,418,,,74,55,68,6,10,0,0,1.95,1.45,3.39,1.79,3.24,,,,,,,,,
183,Barcelona,25,27.4,,38,418,,,96,71,85,11,13,0,0,2.53,1.87,4.39,2.24,4.11,,,,,,,,,
184,Betis,33,26.6,,38,418,,,35,21,34,1,4,0,0,0.92,0.55,1.47,0.89,1.45,,,,,,,,,
185,Celta Vigo,26,25.0,,38,418,,,47,32,45,2,3,0,0,1.24,0.84,2.08,1.18,2.03,,,,,,,,,
186,Elche,28,27.2,,38,418,,,30,22,26,4,6,0,0,0.79,0.58,1.37,0.68,1.26,,,,,,,,,
187,Espanyol,24,26.7,,38,418,,,40,30,35,5,6,0,0,1.05,0.79,1.84,0.92,1.71,,,,,,,,,
188,Getafe,28,27.7,,38,418,,,34,30,32,2,3,0,0,0.89,0.79,1.68,0.84,1.63,,,,,,,,,
189,Granada,26,26.3,,38,418,,,31,22,28,3,6,0,0,0.82,0.58,1.39,0.74,1.32,,,,,,,,,
190,Levante,28,28.9,,38,418,,,33,19,29,4,8,0,0,0.87,0.50,1.37,0.76,1.26,,,,,,,,,
191,Málaga,28,27.0,,38,418,,,39,30,37,2,3,0,0,1.03,0.79,1.82,0.97,1.76,,,,,,,,,
192,Osasuna,25,28.0,,38,418,,,31,15,31,0,0,0,0,0.82,0.39,1.21,0.82,1.21,,,,,,,,,
193,Rayo Vallecano,30,25.8,,38,418,,,45,30,38,7,9,0,0,1.18,0.79,1.97,1.00,1.79,,,,,,,,,
194,Real Madrid,25,26.4,,38,418,,,103,78,97,6,6,0,0,2.71,2.05,4.76,2.55,4.61,,,,,,,,,
195,Real Sociedad,27,25.8,,38,418,,,59,44,57,2,2,0,0,1.55,1.16,2.71,1.50,2.66,,,,,,,,,
196,Sevilla,31,25.9,,38,418,,,68,47,61,7,10,0,0,1.79,1.24,3.03,1.61,2.84,,,,,,,,,
197,Valencia,31,26.1,,38,418,,,51,35,49,2,3,0,0,1.34,0.92,2.26,1.29,2.21,,,,,,,,,
198,Valladolid,25,27.7,,38,418,,,37,28,36,1,2,0,0,0.97,0.74,1.71,0.95,1.68,,,,,,,,,
199,Villarreal,25,25.2,,38,418,,,58,42,53,5,6,0,0,1.53,1.11,2.63,1.39,2.50,,,,,,,,,
200,Athletic Club,25,25.4,,38,418,,,44,38,43,1,2,120,9,1.16,1.00,2.16,1.13,2.13,,,,,,,,,
201,Atlético Madrid,27,25.9,,38,418,,,63,37,55,8,8,102,5,1.66,0.97,2.63,1.45,2.42,,,,,,,,,
202,Barcelona,25,26.6,,38,418,,,112,91,108,4,5,57,2,2.95,2.39,5.34,2.84,5.24,,,,,,,,,
203,Betis,33,26.8,,38,418,,,55,41,52,3,4,118,7,1.45,1.08,2.53,1.37,2.45,,,,,,,,,
204,Celta Vigo,28,26.9,,38,418,,,37,27,34,3,3,102,4,0.97,0.71,1.68,0.89,1.61,,,,,,,,,
205,Espanyol,25,26.5,,38,418,,,42,32,38,4,4,150,11,1.11,0.84,1.95,1.00,1.84,,,,,,,,,
206,Getafe,27,26.9,,38,418,,,43,31,39,4,4,114,9,1.13,0.82,1.95,1.03,1.84,,,,,,,,,
207,Granada,28,26.9,,38,418,,,35,18,28,7,8,103,5,0.92,0.47,1.39,0.74,1.21,,,,,,,,,
208,La Coruña,28,28.8,,38,418,,,45,26,41,4,6,103,8,1.18,0.68,1.87,1.08,1.76,,,,,,,,,
209,Levante,27,29.2,,38,418,,,39,22,36,3,5,113,7,1.03,0.58,1.61,0.95,1.53,,,,,,,,,
210,Málaga,28,27.9,,38,418,,,52,37,48,4,5,93,6,1.37,0.97,2.34,1.26,2.24,,,,,,,,,
211,Mallorca,29,26.9,,38,418,,,43,23,41,2,3,103,8,1.13,0.61,1.74,1.08,1.68,,,,,,,,,
212,Osasuna,30,27.6,,38,418,,,33,24,32,1,1,115,10,0.87,0.63,1.50,0.84,1.47,,,,,,,,,
213,Rayo Vallecano,29,26.6,,38,418,,,49,30,42,7,7,139,4,1.29,0.79,2.08,1.11,1.89,,,,,,,,,
214,Real Madrid,31,26.9,,38,418,,,100,71,92,8,10,93,5,2.63,1.87,4.50,2.42,4.29,,,,,,,,,
215,Real Sociedad,22,25.3,,38,418,,,68,49,61,7,7,96,2,1.79,1.29,3.08,1.61,2.89,,,,,,,,,
216,Sevilla,30,26.7,,38,418,,,56,36,51,5,7,99,12,1.47,0.95,2.42,1.34,2.29,,,,,,,,,
217,Valencia,23,26.4,,38,418,,,65,48,59,6,7,124,8,1.71,1.26,2.97,1.55,2.82,,,,,,,,,
218,Valladolid,23,27.3,,38,418,,,48,32,43,5,6,80,3,1.26,0.84,2.11,1.13,1.97,,,,,,,,,
219,Zaragoza,33,26.9,,38,418,,,37,23,29,8,8,128,11,0.97,0.61,1.58,0.76,1.37,,,,,,,,,
220,Athletic Club,22,24.4,,38,418,,,49,33,48,1,2,104,8,1.29,0.87,2.16,1.26,2.13,,,,,,,,,
221,Atlético Madrid,24,25.1,,38,418,,,51,32,46,5,6,127,4,1.34,0.84,2.18,1.21,2.05,,,,,,,,,
222,Barcelona,29,26.6,,38,418,,,112,69,102,10,11,74,4,2.95,1.82,4.76,2.68,4.50,,,,,,,,,
223,Betis,31,27.4,,38,418,,,47,25,44,3,3,101,7,1.24,0.66,1.89,1.16,1.82,,,,,,,,,
224,Espanyol,29,24.2,,38,418,,,45,32,44,1,1,130,6,1.18,0.84,2.03,1.16,2.00,,,,,,,,,
225,Getafe,29,27.6,,38,418,,,38,20,35,3,3,127,8,1.00,0.53,1.53,0.92,1.45,,,,,,,,,
226,Granada,25,26.5,,38,418,,,35,18,31,4,4,107,10,0.92,0.47,1.39,0.82,1.29,,,,,,,,,
227,Levante,27,30.4,,38,418,,,54,30,46,8,8,117,4,1.42,0.79,2.21,1.21,2.00,,,,,,,,,
228,Málaga,26,27.3,,38,418,,,51,26,50,1,2,73,7,1.34,0.68,2.03,1.32,2.00,,,,,,,,,
229,Mallorca,28,26.4,,38,418,,,38,25,33,5,5,118,6,1.00,0.66,1.66,0.87,1.53,,,,,,,,,
230,Osasuna,28,27.8,,38,418,,,43,30,42,1,2,98,8,1.13,0.79,1.92,1.11,1.89,,,,,,,,,
231,Racing Sant,32,25.6,,38,418,,,27,21,23,4,4,115,8,0.71,0.55,1.26,0.61,1.16,,,,,,,,,
232,Rayo Vallecano,32,26.8,,38,418,,,51,26,46,5,6,125,3,1.34,0.68,2.03,1.21,1.89,,,,,,,,,
233,Real Madrid,25,26.1,,38,418,,,120,85,108,12,13,90,5,3.16,2.24,5.39,2.84,5.08,,,,,,,,,
234,Real Sociedad,24,25.0,,38,418,,,45,27,45,0,1,78,8,1.18,0.71,1.89,1.18,1.89,,,,,,,,,
235,Sevilla,28,26.9,,38,418,,,47,32,46,1,4,109,8,1.24,0.84,2.08,1.21,2.05,,,,,,,,,
236,Sporting Gijón,30,26.4,,38,418,,,41,21,38,3,3,117,5,1.08,0.55,1.63,1.00,1.55,,,,,,,,,
237,Valencia,26,25.9,,38,418,,,55,34,52,3,4,128,7,1.45,0.89,2.34,1.37,2.26,,,,,,,,,
238,Villarreal,28,26.6,,38,418,,,38,22,32,6,10,97,5,1.00,0.58,1.58,0.84,1.42,,,,,,,,,
239,Zaragoza,28,27.1,,38,418,,,35,20,31,4,6,119,9,0.92,0.53,1.45,0.82,1.34,,,,,,,,,
240,Almería,26,25.7,,38,418,,,36,27,36,0,1,100,4,0.95,0.71,1.66,0.95,1.66,,,,,,,,,
241,Athletic Club,29,25.4,,38,418,,,57,34,50,7,11,102,7,1.50,0.89,2.39,1.32,2.21,,,,,,,,,
242,Atlético Madrid,24,26.0,,38,418,,,61,44,59,2,5,105,5,1.61,1.16,2.76,1.55,2.71,,,,,,,,,
243,Barcelona,28,26.5,,38,418,,,94,73,89,5,5,72,2,2.47,1.92,4.39,2.34,4.26,,,,,,,,,
244,Espanyol,31,24.9,,38,418,,,44,28,38,6,6,109,5,1.16,0.74,1.89,1.00,1.74,,,,,,,,,
245,Getafe,23,26.2,,38,418,,,47,30,42,5,5,109,7,1.24,0.79,2.03,1.11,1.89,,,,,,,,,
246,Hércules,26,28.6,,38,418,,,36,17,33,3,4,92,8,0.95,0.45,1.39,0.87,1.32,,,,,,,,,
247,La Coruña,30,27.2,,38,418,,,30,21,25,5,5,86,5,0.79,0.55,1.34,0.66,1.21,,,,,,,,,
248,Levante,28,28.8,,38,418,,,41,29,39,2,2,126,3,1.08,0.76,1.84,1.03,1.79,,,,,,,,,
249,Málaga,34,26.3,,38,418,,,53,36,50,3,6,102,7,1.39,0.95,2.34,1.32,2.26,,,,,,,,,
250,Mallorca,24,26.5,,38,418,,,41,31,37,4,7,88,4,1.08,0.82,1.89,0.97,1.79,,,,,,,,,
251,Osasuna,26,29.5,,38,418,,,44,27,39,5,5,106,7,1.16,0.71,1.87,1.03,1.74,,,,,,,,,
252,Racing Sant,29,27.5,,38,418,,,38,21,37,1,6,87,7,1.00,0.55,1.55,0.97,1.53,,,,,,,,,
253,Real Madrid,32,25.5,,38,418,,,100,67,89,11,12,93,8,2.63,1.76,4.39,2.34,4.11,,,,,,,,,
254,Real Sociedad,23,26.2,,38,418,,,45,32,41,4,4,80,0,1.18,0.84,2.03,1.08,1.92,,,,,,,,,
255,Sevilla,32,26.5,,38,418,,,62,41,52,10,12,100,7,1.63,1.08,2.71,1.37,2.45,,,,,,,,,
256,Sporting Gijón,31,26.7,,38,418,,,33,21,26,7,7,109,6,0.87,0.55,1.42,0.68,1.24,,,,,,,,,
257,Valencia,27,27.0,,38,418,,,63,47,61,2,2,111,8,1.66,1.24,2.89,1.61,2.84,,,,,,,,,
258,Villarreal,28,26.4,,38,418,,,54,39,50,4,4,89,5,1.42,1.03,2.45,1.32,2.34,,,,,,,,,
259,Zaragoza,24,27.5,,38,418,,,40,22,34,6,6,120,9,1.05,0.58,1.63,0.89,1.47,,,,,,,,,
260,Almería,24,25.6,,38,417,,,40,21,38,2,3,98,7,1.05,0.55,1.61,1.00,1.55,,,,,,,,,
261,Athletic Club,29,25.2,,38,418,,,48,24,43,5,10,91,10,1.26,0.63,1.89,1.13,1.76,,,,,,,,,
262,Atlético Madrid,33,26.0,,38,418,,,56,27,53,3,5,87,7,1.47,0.71,2.18,1.39,2.11,,,,,,,,,
263,Barcelona,24,26.3,,38,418,,,95,56,92,3,3,74,5,2.50,1.47,3.97,2.42,3.89,,,,,,,,,
264,Espanyol,28,25.0,,38,417,,,29,15,29,0,0,108,8,0.76,0.39,1.16,0.76,1.16,,,,,,,,,
265,Getafe,24,26.4,,38,418,,,57,29,51,6,6,108,4,1.50,0.76,2.26,1.34,2.11,,,,,,,,,
266,La Coruña,28,27.5,,38,418,,,34,15,31,3,3,64,6,0.89,0.39,1.29,0.82,1.21,,,,,,,,,
267,Málaga,30,26.5,,38,418,,,41,20,41,0,0,131,10,1.08,0.53,1.61,1.08,1.61,,,,,,,,,
268,Mallorca,24,27.7,,38,418,,,57,29,53,4,6,96,4,1.50,0.76,2.26,1.39,2.16,,,,,,,,,
269,Osasuna,25,28.2,,38,418,,,36,20,34,2,3,81,9,0.95,0.53,1.47,0.89,1.42,,,,,,,,,
270,Racing Sant,29,26.6,,38,418,,,42,23,38,4,4,100,7,1.11,0.61,1.71,1.00,1.61,,,,,,,,,
271,Real Madrid,25,25.1,,38,418,,,102,53,95,7,8,87,5,2.68,1.39,4.08,2.50,3.89,,,,,,,,,
272,Sevilla,31,27.4,,38,417,,,63,30,58,5,5,99,10,1.66,0.79,2.45,1.53,2.32,,,,,,,,,
273,Sporting Gijón,28,26.5,,38,417,,,35,18,31,4,6,95,6,0.92,0.47,1.39,0.82,1.29,,,,,,,,,
274,Tenerife,22,27.2,,38,418,,,39,17,37,2,4,89,4,1.03,0.45,1.47,0.97,1.42,,,,,,,,,
275,Valencia,27,26.9,,38,418,,,59,32,56,3,3,107,8,1.55,0.84,2.39,1.47,2.32,,,,,,,,,
276,Valladolid,31,26.4,,38,417,,,35,17,33,2,2,97,11,0.92,0.45,1.37,0.87,1.32,,,,,,,,,
277,Villarreal,25,27.5,,38,418,,,58,28,58,0,0,90,11,1.53,0.74,2.26,1.53,2.26,,,,,,,,,
278,Xerez,24,26.3,,38,418,,,38,21,36,2,3,97,14,1.00,0.55,1.55,0.95,1.50,,,,,,,,,
279,Zaragoza,33,27.1,,38,418,,,45,19,41,4,5,125,6,1.18,0.50,1.68,1.08,1.58,,,,,,,,,
280,Almería,24,25.8,,38,418,,,45,20,40,5,5,100,11,1.18,0.53,1.71,1.05,1.58,,,,,,,,,
281,Athletic Club,30,25.4,,38,418,,,46,21,39,7,9,107,13,1.21,0.55,1.76,1.03,1.58,,,,,,,,,
282,Atlético Madrid,22,27.4,,38,418,,,78,39,72,6,7,108,6,2.05,1.03,3.08,1.89,2.92,,,,,,,,,
283,Barcelona,29,26.3,,38,418,,,102,66,97,5,7,72,6,2.68,1.74,4.42,2.55,4.29,,,,,,,,,
284,Betis,29,27.3,,38,418,,,51,26,48,3,4,96,8,1.34,0.68,2.03,1.26,1.95,,,,,,,,,
285,Espanyol,26,26.1,,38,418,,,46,21,40,6,8,112,6,1.21,0.55,1.76,1.05,1.61,,,,,,,,,
286,Getafe,25,26.6,,38,418,,,49,22,43,6,11,120,7,1.29,0.58,1.87,1.13,1.71,,,,,,,,,
287,La Coruña,25,26.7,,38,418,,,47,24,40,7,8,87,4,1.24,0.63,1.87,1.05,1.68,,,,,,,,,
288,Málaga,25,27.0,,38,418,,,53,26,44,9,10,101,7,1.39,0.68,2.08,1.16,1.84,,,,,,,,,
289,Mallorca,22,27.4,,38,418,,,52,30,51,1,3,113,7,1.37,0.79,2.16,1.34,2.13,,,,,,,,,
290,Numancia,26,28.5,,38,418,,,38,12,32,6,9,100,8,1.00,0.32,1.32,0.84,1.16,,,,,,,,,
291,Osasuna,28,26.5,,38,418,,,40,26,38,2,4,101,11,1.05,0.68,1.74,1.00,1.68,,,,,,,,,
292,Racing Sant,30,26.3,,38,418,,,47,27,43,4,6,128,9,1.24,0.71,1.95,1.13,1.84,,,,,,,,,
293,Real Madrid,30,25.9,,38,417,,,82,39,79,3,4,110,9,2.16,1.03,3.18,2.08,3.11,,,,,,,,,
294,Recreativo,27,26.1,,38,418,,,34,19,30,4,4,90,6,0.89,0.50,1.39,0.79,1.29,,,,,,,,,
295,Sevilla,29,27.1,,38,418,,,53,29,51,2,3,94,8,1.39,0.76,2.16,1.34,2.11,,,,,,,,,
296,Sporting Gijón,26,27.0,,38,418,,,46,23,40,6,7,120,5,1.21,0.61,1.82,1.05,1.66,,,,,,,,,
297,Valencia,26,26.4,,38,418,,,68,31,59,9,10,112,6,1.79,0.82,2.61,1.55,2.37,,,,,,,,,
298,Valladolid,25,28.1,,38,418,,,44,21,41,3,3,78,10,1.16,0.55,1.71,1.08,1.63,,,,,,,,,
299,Villarreal,26,27.7,,38,418,,,61,36,58,3,5,97,4,1.61,0.95,2.55,1.53,2.47,,,,,,,,,
300,Almería,23,25.6,,38,418,,,41,19,37,4,7,116,8,1.08,0.50,1.58,0.97,1.47,,,,,,,,,
301,Athletic Club,30,25.7,,38,417,,,39,18,37,2,4,118,7,1.03,0.47,1.50,0.97,1.45,,,,,,,,,
302,Atlético Madrid,25,26.2,,38,418,,,65,30,62,3,4,117,7,1.71,0.79,2.50,1.63,2.42,,,,,,,,,
303,Barcelona,28,26.8,,38,418,,,76,43,70,6,6,81,5,2.00,1.13,3.13,1.84,2.97,,,,,,,,,
304,Betis,29,26.3,,38,418,,,43,23,39,4,5,99,4,1.13,0.61,1.74,1.03,1.63,,,,,,,,,
305,Espanyol,26,24.9,,38,418,,,41,26,35,6,7,109,4,1.08,0.68,1.76,0.92,1.61,,,,,,,,,
306,Getafe,28,26.9,,38,418,,,42,23,38,4,6,88,9,1.11,0.61,1.71,1.00,1.61,,,,,,,,,
307,La Coruña,31,25.9,,38,418,,,44,21,37,7,8,78,5,1.16,0.55,1.71,0.97,1.53,,,,,,,,,
308,Levante,29,27.9,,38,418,,,33,19,30,3,5,98,2,0.87,0.50,1.37,0.79,1.29,,,,,,,,,
309,Mallorca,25,27.3,,38,418,,,69,40,65,4,4,87,10,1.82,1.05,2.87,1.71,2.76,,,,,,,,,
310,Osasuna,29,25.8,,38,418,,,36,20,34,2,3,111,10,0.95,0.53,1.47,0.89,1.42,,,,,,,,,
311,Racing Sant,27,27.4,,38,418,,,42,23,40,2,5,90,8,1.11,0.61,1.71,1.05,1.66,,,,,,,,,
312,Real Madrid,25,25.9,,38,418,,,83,50,77,6,6,95,6,2.18,1.32,3.50,2.03,3.34,,,,,,,,,
313,Real Murcia,29,27.7,,38,418,,,35,20,29,6,6,116,6,0.92,0.53,1.45,0.76,1.29,,,,,,,,,
314,Recreativo,25,26.6,,38,418,,,39,19,39,0,1,121,11,1.03,0.50,1.53,1.03,1.53,,,,,,,,,
315,Sevilla,31,26.2,,38,418,,,71,38,67,4,6,98,9,1.87,1.00,2.87,1.76,2.76,,,,,,,,,
316,Valencia,29,26.3,,38,418,,,46,23,43,3,3,97,8,1.21,0.61,1.82,1.13,1.74,,,,,,,,,
317,Valladolid,27,27.8,,38,418,,,42,19,39,3,4,78,7,1.11,0.50,1.61,1.03,1.53,,,,,,,,,
318,Villarreal,24,27.3,,38,418,,,62,34,52,10,11,88,3,1.63,0.89,2.53,1.37,2.26,,,,,,,,,
319,Zaragoza,26,28.0,,38,418,,,47,24,42,5,6,115,8,1.24,0.63,1.87,1.11,1.74,,,,,,,,,
320,Athletic Club,26,25.7,,38,418,,,42,27,36,6,7,90,7,1.11,0.71,1.82,0.95,1.66,,,,,,,,,
321,Atlético Madrid,26,25.4,,38,418,,,44,33,38,6,10,113,10,1.16,0.87,2.03,1.00,1.87,,,,,,,,,
322,Barcelona,22,27.3,,38,418,,,76,45,69,7,8,78,7,2.00,1.18,3.18,1.82,3.00,,,,,,,,,
323,Betis,29,26.8,,38,417,,,36,24,31,5,8,97,10,0.95,0.63,1.58,0.82,1.45,,,,,,,,,
324,Celta Vigo,26,26.9,,38,418,,,40,27,33,7,8,103,11,1.05,0.71,1.76,0.87,1.58,,,,,,,,,
325,Espanyol,28,25.3,,38,417,,,46,31,43,3,3,103,7,1.21,0.82,2.03,1.13,1.95,,,,,,,,,
326,Getafe,24,28.2,,38,418,,,39,29,38,1,3,94,5,1.03,0.76,1.79,1.00,1.76,,,,,,,,,
327,Gimnàstic,29,27.5,,38,419,,,33,22,29,4,4,90,6,0.87,0.58,1.45,0.76,1.34,,,,,,,,,
328,La Coruña,27,25.6,,38,418,,,31,18,28,3,4,115,11,0.82,0.47,1.29,0.74,1.21,,,,,,,,,
329,Levante,27,29.4,,38,418,,,36,26,34,2,3,116,13,0.95,0.68,1.63,0.89,1.58,,,,,,,,,
330,Mallorca,23,26.9,,38,418,,,41,24,40,1,2,99,5,1.08,0.63,1.71,1.05,1.68,,,,,,,,,
331,Osasuna,28,25.9,,38,418,,,50,33,46,4,4,109,5,1.32,0.87,2.18,1.21,2.08,,,,,,,,,
332,Racing Sant,27,26.2,,38,418,,,39,26,30,9,11,121,8,1.03,0.68,1.71,0.79,1.47,,,,,,,,,
333,Real Madrid,25,27.0,,38,418,,,66,43,64,2,3,117,10,1.74,1.13,2.87,1.68,2.82,,,,,,,,,
334,Real Sociedad,30,26.5,,38,418,,,31,19,28,3,5,93,4,0.82,0.50,1.32,0.74,1.24,,,,,,,,,
335,Recreativo,24,27.1,,38,418,,,52,31,47,5,8,66,3,1.37,0.82,2.18,1.24,2.05,,,,,,,,,
336,Sevilla,24,27.0,,38,417,,,63,39,56,7,11,101,8,1.66,1.03,2.68,1.47,2.50,,,,,,,,,
337,Valencia,29,26.9,,38,418,,,57,38,53,4,5,104,8,1.50,1.00,2.50,1.39,2.39,,,,,,,,,
338,Villarreal,27,27.2,,38,418,,,47,32,45,2,2,99,4,1.24,0.84,2.08,1.18,2.03,,,,,,,,,
339,Zaragoza,22,26.5,,38,418,,,54,34,50,4,5,108,7,1.42,0.89,2.32,1.32,2.21,,,,,,,,,
340,Alavés,28,27.5,,38,418,,,34,24,32,2,3,83,4,0.89,0.63,1.53,0.84,1.47,,,,,,,,,
341,Athletic Club,26,25.5,,38,417,,,39,28,36,3,6,91,6,1.03,0.74,1.76,0.95,1.68,,,,,,,,,
342,Atlético Madrid,27,25.1,,38,420,,,45,31,42,3,4,119,8,1.18,0.82,2.00,1.11,1.92,,,,,,,,,
343,Barcelona,30,26.6,,38,415,,,75,53,67,8,10,73,6,1.97,1.39,3.37,1.76,3.16,,,,,,,,,
344,Betis,27,26.3,,38,417,,,32,26,30,2,2,98,8,0.84,0.68,1.53,0.79,1.47,,,,,,,,,
345,Cádiz,26,28.8,,38,418,,,36,21,31,5,6,89,5,0.95,0.55,1.50,0.82,1.37,,,,,,,,,
346,Celta Vigo,24,25.4,,38,417,,,45,28,42,3,5,78,2,1.18,0.74,1.92,1.11,1.84,,,,,,,,,
347,Espanyol,26,24.9,,38,418,,,36,27,34,2,5,104,9,0.95,0.71,1.66,0.89,1.61,,,,,,,,,
348,Getafe,24,27.0,,38,418,,,53,39,50,3,3,99,8,1.39,1.03,2.42,1.32,2.34,,,,,,,,,
349,La Coruña,28,28.4,,38,418,,,44,35,40,4,6,120,5,1.16,0.92,2.08,1.05,1.97,,,,,,,,,
350,Málaga,31,26.6,,38,419,,,36,21,34,2,2,111,12,0.95,0.55,1.50,0.89,1.45,,,,,,,,,
351,Mallorca,28,26.2,,38,418,,,37,27,36,1,1,97,9,0.97,0.71,1.68,0.95,1.66,,,,,,,,,
352,Osasuna,24,26.3,,38,418,,,49,34,46,3,3,117,7,1.29,0.89,2.18,1.21,2.11,,,,,,,,,
353,Racing Sant,29,25.5,,38,415,,,36,23,33,3,4,126,10,0.95,0.61,1.55,0.87,1.47,,,,,,,,,
354,Real Madrid,26,26.7,,38,419,,,68,48,61,7,9,108,11,1.79,1.26,3.05,1.61,2.87,,,,,,,,,
355,Real Sociedad,29,25.4,,38,417,,,46,30,40,6,6,80,10,1.21,0.79,2.00,1.05,1.84,,,,,,,,,
356,Sevilla,27,26.3,,38,416,,,52,34,45,7,7,98,9,1.37,0.89,2.26,1.18,2.08,,,,,,,,,
357,Valencia,28,27.0,,38,418,,,58,38,52,6,7,83,6,1.53,1.00,2.53,1.37,2.37,,,,,,,,,
358,Villarreal,29,26.8,,38,418,,,49,32,44,5,7,104,5,1.29,0.84,2.13,1.16,2.00,,,,,,,,,
359,Zaragoza,23,26.4,,38,418,,,45,30,43,2,2,107,6,1.18,0.79,1.97,1.13,1.92,,,,,,,,,
